{
    "max_delta_step": 9.265865656007472,
    "eta": 0.5786733126039247,
    "colsample_bytree": 0.6671786072041814,
    "colsample_bylevel": 0.7263898724533103,
    "colsample_bynode": 0.20709093629361136,
    "max_depth": 4,
    "learning_rate": 0.05732755405172395,
    "min_child_weight": 2,
    "subsample": 0.5773559161426678,
    "reg_alpha": 0.008610144735260101,
    "reg_lambda": 0.04102570844417122,
    "predictor": "cpu_predictor",
    "num_parallel_tree": 4,
    "gamma": 0,
    "n_estimators": 500
}