{
    "max_delta_step": 5.396853086149474,
    "eta": 0.3966070012171099,
    "colsample_bytree": 0.5665170157547281,
    "colsample_bylevel": 0.30783878349502103,
    "colsample_bynode": 0.7276822916517366,
    "max_depth": 3,
    "learning_rate": 0.08952259610139861,
    "min_child_weight": 1,
    "subsample": 0.7950022549702991,
    "reg_alpha": 0.053583313613899106,
    "reg_lambda": 0.1287791623115507,
    "predictor": "cpu_predictor",
    "num_parallel_tree": 4,
    "gamma": 0,
    "n_estimators": 500
}