{
    "max_delta_step": 8.539323189380177,
    "eta": 0.5151220086604104,
    "colsample_bytree": 0.6283328679326513,
    "colsample_bylevel": 0.4665610043783985,
    "colsample_bynode": 0.44850004575532837,
    "max_depth": 4,
    "learning_rate": 0.06799146497288709,
    "min_child_weight": 2,
    "subsample": 0.5160170228932027,
    "reg_alpha": 0.004836916870615571,
    "reg_lambda": 0.8081589083949238,
    "predictor": "cpu_predictor",
    "num_parallel_tree": 4,
    "gamma": 0,
    "n_estimators": 500
}