{
    "max_delta_step": 6.072210865191921,
    "eta": 0.12585792534752133,
    "colsample_bytree": 0.6462168312223283,
    "colsample_bylevel": 0.2805073039952832,
    "colsample_bynode": 0.5161758667088732,
    "max_depth": 4,
    "learning_rate": 0.02382781568275884,
    "n_estimators": 1801,
    "min_child_weight": 2,
    "subsample": 0.4292780365470723,
    "reg_alpha": 0.004998396526287738,
    "reg_lambda": 0.004957439934571968,
    "predictor": "cpu_predictor",
    "num_parallel_tree": 6,
    "gamma": 0
}