{
    "colsample_bylevel": 0.3874941751507784,
    "colsample_bynode": 0.5619050645629974,
    "colsample_bytree": 0.7664751627840607,
    "eta": 0.8923067850311843,
    "learning_rate": 0.09985539464912833,
    "max_depth": 4,
    "min_child_weight": 3,
    "reg_alpha": 0.0077501013720934625,
    "reg_lambda": 0.9819773887231251,
    "subsample": 0.5597482197496666,
    "predictor": "cpu_predictor",
    "num_parallel_tree": 4,
    "gamma": 0,
    "n_estimators": 500
}