{
    "max_delta_step": 6.641548662000625,
    "eta": 0.7849238242153482,
    "colsample_bytree": 0.39243786001469816,
    "colsample_bylevel": 0.8272984750323285,
    "colsample_bynode": 0.436962931930419,
    "max_depth": 3,
    "learning_rate": 0.029850712397518537,
    "n_estimators": 2452,
    "min_child_weight": 2,
    "subsample": 0.5087054197726855,
    "reg_alpha": 0.031091502220730635,
    "reg_lambda": 0.6199539568422423,
    "predictor": "cpu_predictor",
    "num_parallel_tree": 6,
    "gamma": 0
}