{
    "max_delta_step": 6.867153574878833,
    "eta": 0.6415453722804835,
    "colsample_bytree": 0.8590313181108571,
    "colsample_bylevel": 0.2440082781861344,
    "colsample_bynode": 0.6531212862132993,
    "max_depth": 4,
    "learning_rate": 0.07666944893066409,
    "min_child_weight": 4,
    "subsample": 0.49323008029240245,
    "reg_alpha": 0.0007882661461692046,
    "reg_lambda": 1.9350987058947526,
    "predictor": "cpu_predictor",
    "num_parallel_tree": 4,
    "gamma": 0,
    "n_estimators": 500
}