{
    "max_delta_step": 4.0,
    "eta": 0.379,
    "colsample_bytree": 0.517,
    "colsample_bylevel": 0.23800000000000002,
    "colsample_bynode": 0.666,
    "max_depth": 4,
    "learning_rate": 0.022037450487038406,
    "n_estimators": 2877,
    "min_child_weight": 2,
    "subsample": 0.34170879779607194,
    "reg_alpha": 0.0004976351295125867,
    "reg_lambda": 0.00024428616277325936,
    "predictor": "cpu_predictor",
    "num_parallel_tree": 6,
    "gamma": 0
}