{
    "max_delta_step": 6.0,
    "eta": 0.248,
    "colsample_bytree": 0.234,
    "colsample_bylevel": 0.855,
    "colsample_bynode": 0.67,
    "max_depth": 3,
    "learning_rate": 0.01926536672403492,
    "n_estimators": 2974,
    "min_child_weight": 1,
    "subsample": 0.6020477193081436,
    "reg_alpha": 0.00522653797861164,
    "reg_lambda": 0.04226667783580202,
    "predictor": "cpu_predictor",
    "num_parallel_tree": 6,
    "gamma": 0
}