{
    "colsample_bylevel": 0.8447363055461146,
    "colsample_bynode": 0.2049839538252601,
    "colsample_bytree": 0.6662655714651438,
    "eta": 0.8492909417903283,
    "learning_rate": 0.08365266274751033,
    "max_depth": 4,
    "min_child_weight": 2,
    "reg_alpha": 0.005830571954636051,
    "reg_lambda": 1.4417370351813528,
    "subsample": 0.5571510780963023,
    "predictor": "cpu_predictor",
    "num_parallel_tree": 4,
    "gamma": 0,
    "n_estimators": 500
}