{
    "max_delta_step": 9.149070784795338,
    "eta": 0.6470191641232775,
    "colsample_bytree": 0.41725255017003776,
    "colsample_bylevel": 0.4328781635243654,
    "colsample_bynode": 0.617080602547267,
    "max_depth": 4,
    "learning_rate": 0.01216978745197968,
    "n_estimators": 3279,
    "min_child_weight": 2,
    "subsample": 0.6446025477923436,
    "reg_alpha": 0.0005982238820406421,
    "reg_lambda": 0.2568256986029164,
    "predictor": "cpu_predictor",
    "num_parallel_tree": 6,
    "gamma": 0
}