{
    "colsample_bylevel": 0.6516655769971342,
    "colsample_bynode": 0.5413867591846615,
    "colsample_bytree": 0.37244608600911855,
    "eta": 0.3476699736023131,
    "learning_rate": 0.04491021029108335,
    "max_depth": 4,
    "min_child_weight": 2,
    "reg_alpha": 0.014162525301247396,
    "reg_lambda": 0.0015502327354217195,
    "subsample": 0.4229844676048952,
    "predictor": "cpu_predictor",
    "num_parallel_tree": 4,
    "gamma": 0,
    "n_estimators": 500
}